Product_ID,Product_Category,Total_Orders,Total_Returned,Avg_Price,Avg_Discount,Total_Return_Cost,Return_Rate_%
PROD0001,Clothing,1,1,1064.57,9.18,200,100.0
PROD0122,Books,2,2,863.0,18.31,400,100.0
PROD0347,Clothing,2,2,834.01,16.84,400,100.0
PROD0346,Books,1,1,761.0,14.2,200,100.0
PROD0125,Books,1,1,124.4,16.29,200,100.0
PROD0125,Home Appliances,1,1,286.64,36.34,200,100.0
PROD0343,Clothing,4,4,995.38,22.21,800,100.0
PROD0341,Books,1,1,1301.74,22.62,200,100.0
PROD0128,Books,1,1,1745.63,10.17,200,100.0
PROD0128,Clothing,3,3,1555.58,38.17,600,100.0
PROD0129,Toys,1,1,1591.85,36.21,200,100.0
PROD0335,Home Appliances,1,1,1954.96,46.33,200,100.0
PROD0130,Home Appliances,2,2,1831.54,19.05,400,100.0
PROD0131,Home Appliances,1,1,404.69,41.75,200,100.0
PROD0331,Home Appliances,1,1,1397.71,39.68,200,100.0
PROD0326,Home Appliances,1,1,366.91,38.84,200,100.0
PROD0325,Home Appliances,1,1,1770.97,44.42,200,100.0
PROD0135,Home Appliances,1,1,1944.34,31.56,200,100.0
PROD0137,Electronics,1,1,1635.56,45.44,200,100.0
PROD0321,Toys,1,1,997.86,31.23,200,100.0
PROD0321,Electronics,2,2,1298.5,24.38,400,100.0
PROD0142,Clothing,1,1,1301.15,29.78,200,100.0
PROD0142,Electronics,1,1,1026.36,36.29,200,100.0
PROD0143,Home Appliances,1,1,1679.34,1.06,200,100.0
PROD0320,Toys,1,1,972.8,45.6,200,100.0
PROD0319,Clothing,2,2,1683.92,25.14,400,100.0
PROD0146,Clothing,1,1,1765.68,21.9,200,100.0
PROD0318,Clothing,1,1,503.6,14.39,200,100.0
PROD0315,Home Appliances,2,2,392.52,42.22,400,100.0
PROD0348,Home Appliances,2,2,1055.93,33.53,400,100.0
PROD0121,Home Appliances,1,1,1003.25,3.08,200,100.0
PROD0308,Electronics,1,1,695.06,49.82,200,100.0
PROD0350,Clothing,2,2,845.61,22.35,400,100.0
PROD0397,Clothing,1,1,1468.09,7.87,200,100.0
PROD0388,Books,1,1,537.62,30.11,200,100.0
PROD0383,Home Appliances,1,1,1242.99,1.98,200,100.0
PROD0096,Toys,2,2,1776.4,27.88,400,100.0
PROD0381,Home Appliances,1,1,1417.13,48.42,200,100.0
PROD0097,Home Appliances,1,1,1830.82,41.3,200,100.0
PROD0380,Clothing,1,1,1031.59,8.43,200,100.0
PROD0099,Clothing,1,1,405.38,36.28,200,100.0
PROD0379,Home Appliances,1,1,950.22,23.61,200,100.0
PROD0378,Toys,1,1,1886.72,39.68,200,100.0
PROD0372,Toys,1,1,119.0,45.04,200,100.0
PROD0104,Toys,2,2,1116.94,43.62,400,100.0
PROD0105,Clothing,4,4,1103.82,33.45,800,100.0
PROD0367,Clothing,1,1,351.63,9.03,200,100.0
PROD0366,Clothing,1,1,791.08,34.64,200,100.0
PROD0107,Electronics,1,1,285.5,29.81,200,100.0
PROD0107,Home Appliances,1,1,1867.36,44.36,200,100.0
PROD0365,Clothing,1,1,1040.21,45.35,200,100.0
PROD0360,Toys,1,1,1247.89,15.23,200,100.0
PROD0113,Clothing,2,2,1237.82,13.94,400,100.0
PROD0356,Electronics,2,2,864.46,5.37,400,100.0
PROD0355,Home Appliances,3,3,1677.4,37.25,600,100.0
PROD0116,Books,1,1,128.44,33.34,200,100.0
PROD0117,Books,1,1,324.34,15.31,200,100.0
PROD0354,Books,1,1,1478.27,19.82,200,100.0
PROD0121,Books,1,1,1597.91,28.17,200,100.0
PROD0352,Books,2,2,632.19,24.02,400,100.0
PROD0148,Home Appliances,1,1,1278.4,41.57,200,100.0
PROD0154,Toys,1,1,150.78,9.86,200,100.0
PROD0092,Home Appliances,1,1,180.32,21.72,200,100.0
PROD0190,Home Appliances,1,1,252.02,36.27,200,100.0
PROD0259,Clothing,1,1,1650.25,8.79,200,100.0
PROD0257,Toys,1,1,635.85,38.85,200,100.0
PROD0192,Electronics,1,1,411.51,31.92,200,100.0
PROD0193,Home Appliances,1,1,694.41,29.95,200,100.0
PROD0256,Toys,1,1,1416.82,40.77,200,100.0
PROD0195,Toys,1,1,1449.86,49.03,200,100.0
PROD0255,Electronics,1,1,1994.25,6.36,200,100.0
PROD0198,Electronics,2,2,945.08,43.45,400,100.0
PROD0253,Electronics,1,1,1240.9,7.92,200,100.0
PROD0200,Electronics,2,2,1179.13,24.56,400,100.0
PROD0247,Books,1,1,230.46,26.15,200,100.0
PROD0201,Toys,1,1,1582.6,18.06,200,100.0
PROD0243,Toys,1,1,1840.11,22.75,200,100.0
PROD0243,Electronics,2,2,881.62,29.26,400,100.0
PROD0202,Home Appliances,1,1,1355.32,29.27,200,100.0
PROD0241,Books,1,1,848.74,29.06,200,100.0
PROD0203,Toys,1,1,821.92,29.39,200,100.0
PROD0204,Clothing,3,3,1378.74,22.73,600,100.0
PROD0238,Home Appliances,1,1,302.07,23.53,200,100.0
PROD0207,Toys,1,1,1514.45,35.11,200,100.0
PROD0238,Books,2,2,321.49,18.42,400,100.0
PROD0208,Electronics,1,1,629.06,46.93,200,100.0
PROD0229,Toys,1,1,245.63,19.37,200,100.0
PROD0227,Electronics,1,1,520.75,38.88,200,100.0
PROD0226,Home Appliances,1,1,1269.75,21.72,200,100.0
PROD0224,Toys,1,1,104.13,33.57,200,100.0
PROD0222,Clothing,3,3,1488.73,31.95,600,100.0
PROD0191,Clothing,2,2,1753.02,36.02,400,100.0
PROD0188,Books,1,1,458.83,31.4,200,100.0
PROD0308,Clothing,1,1,1965.09,12.16,200,100.0
PROD0259,Toys,1,1,992.58,46.97,200,100.0
PROD0307,Home Appliances,1,1,1950.78,33.69,200,100.0
PROD0301,Electronics,2,2,964.9,25.62,400,100.0
PROD0300,Electronics,3,3,1233.58,24.2,600,100.0
PROD0159,Electronics,1,1,364.92,3.71,200,100.0
PROD0298,Toys,1,1,1579.54,22.89,200,100.0
PROD0298,Home Appliances,1,1,1316.45,19.89,200,100.0
PROD0295,Home Appliances,3,3,1406.46,27.48,600,100.0
PROD0294,Toys,1,1,1426.87,4.57,200,100.0
PROD0166,Toys,1,1,1219.06,22.22,200,100.0
PROD0294,Home Appliances,1,1,1771.91,42.36,200,100.0
PROD0173,Books,1,1,1111.15,38.45,200,100.0
PROD0289,Home Appliances,1,1,1886.31,35.68,200,100.0
PROD0175,Books,2,2,469.14,45.52,400,100.0
PROD0285,Home Appliances,1,1,1855.58,40.84,200,100.0
PROD0285,Books,1,1,971.69,34.58,200,100.0
PROD0284,Clothing,1,1,1082.52,14.27,200,100.0
PROD0178,Toys,1,1,1982.5,12.63,200,100.0
PROD0180,Clothing,3,3,791.28,21.84,600,100.0
PROD0278,Books,1,1,1240.76,31.41,200,100.0
PROD0276,Toys,1,1,1022.59,48.4,200,100.0
PROD0274,Home Appliances,2,2,1097.42,25.13,400,100.0
PROD0270,Toys,1,1,422.15,41.02,200,100.0
PROD0183,Home Appliances,1,1,133.54,0.22,200,100.0
PROD0268,Books,1,1,1784.65,24.52,200,100.0
PROD0267,Clothing,2,2,935.92,29.6,400,100.0
PROD0264,Clothing,1,1,1662.52,16.91,200,100.0
PROD0186,Books,1,1,1721.64,44.03,200,100.0
PROD0093,Books,1,1,1917.97,32.98,200,100.0
PROD0214,Electronics,1,1,179.06,36.97,200,100.0
PROD0397,Toys,1,1,622.47,14.85,200,100.0
PROD0073,Home Appliances,1,1,195.26,47.63,200,100.0
PROD0014,Clothing,2,2,1176.1,43.43,400,100.0
PROD0431,Books,1,1,1129.81,27.67,200,100.0
PROD0054,Toys,1,1,1443.69,48.47,200,100.0
PROD0430,Books,2,2,772.12,39.94,400,100.0
PROD0429,Books,1,1,1256.88,3.25,200,100.0
PROD0013,Clothing,2,2,1183.9,37.46,400,100.0
PROD0057,Home Appliances,1,1,599.77,15.92,200,100.0
PROD0059,Toys,1,1,1612.78,23.52,200,100.0
PROD0012,Books,1,1,1289.38,4.69,200,100.0
PROD0422,Home Appliances,2,2,1284.34,27.62,400,100.0
PROD0478,Clothing,1,1,838.74,16.58,200,100.0
PROD0483,Clothing,3,3,644.93,28.5,600,100.0
PROD0484,Electronics,1,1,649.28,38.05,200,100.0
PROD0419,Books,1,1,1844.64,10.44,200,100.0
PROD0064,Electronics,1,1,1841.07,32.6,200,100.0
PROD0485,Home Appliances,1,1,144.43,33.77,200,100.0
PROD0064,Toys,1,1,1377.72,32.96,200,100.0
PROD0065,Books,3,3,709.49,15.71,600,100.0
PROD0066,Books,1,1,1968.84,44.5,200,100.0
PROD0486,Books,1,1,1900.41,43.16,200,100.0
PROD0416,Home Appliances,1,1,1638.42,11.9,200,100.0
PROD0053,Books,1,1,1608.63,15.86,200,100.0
PROD0432,Home Appliances,1,1,1917.91,16.39,200,100.0
PROD0436,Books,1,1,552.35,32.73,200,100.0
PROD0042,Books,2,2,932.74,37.66,400,100.0
PROD0461,Toys,2,2,771.53,33.76,400,100.0
PROD0464,Electronics,2,2,1029.45,4.94,400,100.0
PROD0466,Books,1,1,1208.62,43.59,200,100.0
PROD0456,Toys,1,1,1446.06,35.03,200,100.0
PROD0027,Toys,1,1,935.26,19.73,200,100.0
PROD0456,Home Appliances,1,1,1514.18,34.28,200,100.0
PROD0038,Home Appliances,1,1,287.81,45.26,200,100.0
PROD0468,Home Appliances,1,1,1375.34,41.86,200,100.0
PROD0468,Toys,1,1,757.35,17.71,200,100.0
PROD0022,Toys,1,1,857.82,49.02,200,100.0
PROD0436,Clothing,2,2,1211.88,36.52,400,100.0
PROD0044,Home Appliances,1,1,1436.54,7.63,200,100.0
PROD0022,Electronics,4,4,859.68,26.2,800,100.0
PROD0472,Home Appliances,1,1,1227.59,4.38,200,100.0
PROD0046,Clothing,1,1,736.43,27.77,200,100.0
PROD0474,Books,1,1,871.46,44.28,200,100.0
PROD0017,Toys,2,2,898.54,12.19,400,100.0
PROD0442,Books,2,2,351.9,17.1,400,100.0
PROD0441,Clothing,2,2,1295.72,21.3,400,100.0
PROD0051,Toys,1,1,426.9,33.9,200,100.0
PROD0071,Electronics,1,1,871.27,36.28,200,100.0
PROD0063,Toys,1,1,730.94,21.17,200,100.0
PROD0491,Electronics,1,1,1831.19,33.16,200,100.0
PROD0409,Clothing,3,3,1529.8,31.76,600,100.0
PROD0409,Books,1,1,1942.69,40.81,200,100.0
PROD0083,Books,1,1,1366.54,46.44,200,100.0
PROD0408,Books,1,1,1182.14,32.55,200,100.0
PROD0083,Toys,1,1,1984.15,21.88,200,100.0
PROD0496,Books,1,1,382.24,21.96,200,100.0
PROD0407,Books,1,1,1277.37,1.1,200,100.0
PROD0086,Home Appliances,1,1,364.12,44.54,200,100.0
PROD0406,Toys,1,1,754.02,35.83,200,100.0
PROD0496,Electronics,1,1,914.71,35.98,200,100.0
PROD0406,Home Appliances,1,1,1800.13,43.63,200,100.0
PROD0498,Clothing,3,3,639.65,24.62,600,100.0
PROD0400,Home Appliances,1,1,657.23,32.02,200,100.0
PROD0399,Home Appliances,1,1,1523.23,29.03,200,100.0
PROD0398,Electronics,2,2,1433.26,33.73,400,100.0
PROD0092,Books,1,1,1159.73,27.85,200,100.0
PROD0001,Home Appliances,1,1,1926.72,25.9,200,100.0
PROD0398,Books,1,1,704.94,19.06,200,100.0
PROD0080,Toys,3,3,683.84,34.47,600,100.0
PROD0462,Toys,1,1,1870.29,10.09,200,100.0
PROD0492,Clothing,2,2,1071.28,43.34,400,100.0
PROD0080,Books,1,1,349.88,45.51,200,100.0
PROD0077,Clothing,2,2,641.39,48.9,400,100.0
PROD0077,Home Appliances,1,1,1731.34,20.91,200,100.0
PROD0414,Home Appliances,1,1,1766.7,10.48,200,100.0
PROD0079,Books,1,1,138.47,31.4,200,100.0
PROD0076,Clothing,1,1,1607.9,46.97,200,100.0
PROD0492,Toys,1,1,1363.79,2.05,200,100.0
PROD0493,Books,1,1,1504.05,45.84,200,100.0
PROD0008,Books,1,1,675.49,30.49,200,100.0
PROD0405,Clothing,5,4,1016.94,12.84,800,80.0
PROD0163,Clothing,4,3,832.34,19.4,600,75.0
PROD0017,Clothing,4,3,744.26,20.62,600,75.0
PROD0399,Books,4,3,1108.46,21.92,600,75.0
PROD0373,Clothing,4,3,1175.73,35.03,600,75.0
PROD0413,Clothing,4,3,925.6,25.34,600,75.0
PROD0167,Clothing,4,3,1076.81,35.67,600,75.0
PROD0261,Clothing,4,3,1053.47,21.41,600,75.0
PROD0323,Clothing,4,3,837.85,32.94,600,75.0
PROD0003,Clothing,4,3,1528.85,30.82,600,75.0
PROD0416,Electronics,4,3,1057.86,28.59,600,75.0
PROD0168,Clothing,4,3,1391.56,29.11,600,75.0
PROD0203,Clothing,4,3,1463.73,19.8,600,75.0
PROD0420,Clothing,4,3,1582.99,16.51,600,75.0
PROD0472,Clothing,4,3,1170.64,34.16,600,75.0
PROD0143,Electronics,4,3,878.74,35.15,600,75.0
PROD0090,Clothing,4,3,956.8,13.58,600,75.0
PROD0272,Clothing,4,3,1244.14,27.02,600,75.0
PROD0280,Electronics,3,2,975.55,8.03,400,66.7
PROD0027,Books,3,2,1322.28,19.82,400,66.7
PROD0010,Clothing,3,2,977.0,30.48,400,66.7
PROD0217,Toys,3,2,1022.91,40.7,400,66.7
PROD0468,Electronics,3,2,1132.15,41.9,400,66.7
PROD0214,Clothing,6,4,835.9,25.66,800,66.7
PROD0279,Clothing,6,4,1386.33,36.55,800,66.7
PROD0463,Electronics,3,2,1239.84,22.8,400,66.7
PROD0238,Electronics,3,2,1332.52,21.83,400,66.7
PROD0469,Clothing,3,2,494.04,21.43,400,66.7
PROD0023,Toys,3,2,833.9,18.52,400,66.7
PROD0476,Home Appliances,3,2,1008.79,20.2,400,66.7
PROD0494,Clothing,3,2,1142.99,20.41,400,66.7
PROD0195,Home Appliances,3,2,1041.79,26.11,400,66.7
PROD0494,Home Appliances,3,2,1197.27,23.4,400,66.7
PROD0239,Toys,3,2,1359.15,40.47,400,66.7
PROD0254,Toys,3,2,1688.01,23.37,400,66.7
PROD0495,Clothing,3,2,877.58,28.42,400,66.7
PROD0284,Electronics,3,2,1215.86,31.57,400,66.7
PROD0257,Clothing,3,2,1485.49,32.29,400,66.7
PROD0228,Clothing,3,2,1152.1,21.89,400,66.7
PROD0192,Clothing,3,2,718.26,16.31,400,66.7
PROD0474,Clothing,3,2,1177.43,14.19,400,66.7
PROD0190,Electronics,3,2,834.42,15.33,400,66.7
PROD0244,Clothing,3,2,1224.86,29.18,400,66.7
PROD0255,Clothing,3,2,1227.17,20.78,400,66.7
PROD0194,Books,3,2,1603.76,18.6,400,66.7
PROD0443,Clothing,3,2,926.68,31.3,400,66.7
PROD0462,Clothing,3,2,1438.32,19.36,400,66.7
PROD0147,Clothing,3,2,772.34,15.14,400,66.7
PROD0137,Home Appliances,3,2,639.39,28.67,400,66.7
PROD0137,Books,3,2,1382.87,39.24,400,66.7
PROD0428,Clothing,6,4,984.95,31.52,800,66.7
PROD0174,Toys,3,2,1102.28,26.67,400,66.7
PROD0131,Clothing,3,2,1338.15,23.66,400,66.7
PROD0335,Toys,3,2,1129.74,8.22,400,66.7
PROD0336,Clothing,3,2,997.65,13.61,400,66.7
PROD0342,Toys,3,2,1378.54,29.04,400,66.7
PROD0344,Clothing,3,2,610.59,26.41,400,66.7
PROD0123,Clothing,3,2,1576.13,21.34,400,66.7
PROD0415,Toys,3,2,721.65,11.52,400,66.7
PROD0076,Electronics,3,2,344.68,30.21,400,66.7
PROD0119,Clothing,3,2,654.01,20.99,400,66.7
PROD0080,Clothing,3,2,861.02,25.76,400,66.7
PROD0216,Clothing,3,2,1603.57,13.61,400,66.7
PROD0358,Electronics,3,2,1662.54,27.32,400,66.7
PROD0364,Books,3,2,565.99,21.67,400,66.7
PROD0365,Electronics,3,2,815.96,25.07,400,66.7
PROD0085,Clothing,3,2,795.38,18.71,400,66.7
PROD0371,Toys,3,2,874.86,25.48,400,66.7
PROD0100,Books,3,2,1329.35,35.31,400,66.7
PROD0087,Toys,3,2,902.47,11.23,400,66.7
PROD0389,Clothing,3,2,1329.26,23.41,400,66.7
PROD0431,Clothing,3,2,940.73,25.78,400,66.7
PROD0329,Books,3,2,1313.23,24.9,400,66.7
PROD0439,Clothing,3,2,817.28,44.27,400,66.7
PROD0157,Clothing,6,4,1150.94,20.96,800,66.7
PROD0459,Electronics,3,2,1009.91,38.62,400,66.7
PROD0034,Electronics,3,2,1025.69,22.77,400,66.7
PROD0171,Toys,3,2,1259.24,17.83,400,66.7
PROD0168,Electronics,3,2,475.41,32.35,400,66.7
PROD0167,Electronics,6,4,1855.7,27.53,800,66.7
PROD0039,Electronics,3,2,1328.93,36.27,400,66.7
PROD0164,Electronics,3,2,1250.61,23.84,400,66.7
PROD0163,Electronics,3,2,730.58,30.3,400,66.7
PROD0161,Clothing,3,2,405.03,46.47,400,66.7
PROD0445,Toys,3,2,1336.44,27.39,400,66.7
PROD0042,Clothing,3,2,954.32,21.38,400,66.7
PROD0162,Clothing,3,2,1150.23,29.86,400,66.7
PROD0357,Electronics,3,2,1092.01,25.78,400,66.7
PROD0048,Clothing,3,2,1337.59,23.43,400,66.7
PROD0397,Electronics,3,2,1455.96,38.51,400,66.7
PROD0310,Electronics,3,2,1405.59,33.04,400,66.7
PROD0049,Clothing,3,2,1411.49,20.12,400,66.7
PROD0152,Electronics,3,2,1201.87,38.65,400,66.7
PROD0153,Clothing,3,2,1411.37,33.93,400,66.7
PROD0211,Clothing,8,5,1134.55,17.74,1000,62.5
PROD0392,Electronics,5,3,1344.93,22.96,600,60.0
PROD0388,Clothing,5,3,1101.35,25.63,600,60.0
PROD0375,Clothing,5,3,1413.9,28.28,600,60.0
PROD0334,Clothing,5,3,767.63,22.16,600,60.0
PROD0307,Clothing,5,3,1297.12,23.2,600,60.0
PROD0339,Clothing,5,3,1162.69,20.44,600,60.0
PROD0364,Clothing,5,3,1201.47,12.02,600,60.0
PROD0296,Electronics,5,3,1181.01,13.83,600,60.0
PROD0421,Clothing,5,3,879.47,26.96,600,60.0
PROD0450,Clothing,5,3,1141.54,20.33,600,60.0
PROD0473,Clothing,5,3,546.21,21.19,600,60.0
PROD0355,Clothing,5,3,1018.7,23.74,600,60.0
PROD0476,Clothing,5,3,1098.6,24.02,600,60.0
PROD0338,Clothing,5,3,629.69,24.12,600,60.0
PROD0235,Clothing,5,3,784.35,21.19,600,60.0
PROD0500,Electronics,5,3,1055.03,31.37,600,60.0
PROD0033,Clothing,5,3,791.16,28.29,600,60.0
PROD0145,Clothing,5,3,892.79,29.9,600,60.0
PROD0094,Clothing,5,3,1206.17,19.01,600,60.0
PROD0096,Clothing,5,3,1234.78,38.98,600,60.0
PROD0096,Electronics,5,3,675.77,16.42,600,60.0
PROD0103,Electronics,5,3,747.58,27.92,600,60.0
PROD0055,Clothing,5,3,830.59,31.44,600,60.0
PROD0184,Clothing,5,3,800.07,24.66,600,60.0
PROD0370,Clothing,12,7,1037.78,28.24,1400,58.3
PROD0236,Toys,7,4,1090.91,33.43,800,57.1
PROD0269,Clothing,7,4,1227.36,36.74,800,57.1
PROD0451,Clothing,7,4,987.22,25.48,800,57.1
PROD0088,Clothing,4,2,743.9,21.49,400,50.0
PROD0403,Toys,2,1,1103.58,20.67,200,50.0
PROD0402,Home Appliances,2,1,1056.3,31.23,200,50.0
PROD0088,Electronics,2,1,1334.0,6.42,200,50.0
PROD0089,Clothing,2,1,994.63,43.88,200,50.0
PROD0400,Electronics,2,1,518.45,15.48,200,50.0
PROD0086,Toys,2,1,714.4,2.33,200,50.0
PROD0091,Clothing,2,1,822.24,37.48,200,50.0
PROD0091,Toys,2,1,606.89,16.84,200,50.0
PROD0092,Clothing,6,3,1666.58,27.34,600,50.0
PROD0092,Electronics,2,1,1516.93,23.16,200,50.0
PROD0093,Clothing,2,1,953.1,33.08,200,50.0
PROD0393,Toys,2,1,843.7,25.92,200,50.0
PROD0087,Home Appliances,2,1,1604.52,5.89,200,50.0
PROD0215,Electronics,2,1,1163.16,35.42,200,50.0
PROD0086,Clothing,6,3,1092.29,32.64,600,50.0
PROD0407,Clothing,4,2,1082.24,31.25,400,50.0
PROD0064,Clothing,2,1,1537.78,35.35,200,50.0
PROD0418,Toys,2,1,215.23,9.86,200,50.0
PROD0067,Toys,2,1,543.08,10.58,200,50.0
PROD0075,Books,2,1,1678.9,35.05,200,50.0
PROD0075,Electronics,2,1,1359.14,36.89,200,50.0
PROD0415,Clothing,2,1,1086.66,29.62,200,50.0
PROD0414,Toys,2,1,1127.02,14.8,200,50.0
PROD0076,Home Appliances,2,1,1321.1,35.48,200,50.0
PROD0414,Clothing,4,2,557.13,18.86,400,50.0
PROD0414,Books,2,1,221.6,32.73,200,50.0
PROD0077,Books,2,1,1262.69,19.53,200,50.0
PROD0412,Clothing,2,1,979.76,16.2,200,50.0
PROD0409,Home Appliances,2,1,1057.23,26.23,200,50.0
PROD0080,Electronics,2,1,972.03,26.88,200,50.0
PROD0081,Clothing,4,2,1253.55,29.27,400,50.0
PROD0408,Home Appliances,2,1,643.86,41.02,200,50.0
PROD0094,Toys,4,2,1046.04,26.48,400,50.0
PROD0083,Clothing,4,2,887.4,25.14,400,50.0
PROD0095,Clothing,2,1,554.42,3.58,200,50.0
PROD0095,Books,2,1,1273.96,19.1,200,50.0
PROD0389,Books,2,1,1236.57,19.03,200,50.0
PROD0106,Home Appliances,2,1,629.12,28.94,200,50.0
PROD0108,Books,2,1,443.63,19.56,200,50.0
PROD0364,Toys,2,1,865.59,47.68,200,50.0
PROD0109,Books,2,1,1330.73,21.58,200,50.0
PROD0110,Home Appliances,2,1,521.06,7.76,200,50.0
PROD0360,Electronics,2,1,1763.86,16.23,200,50.0
PROD0359,Clothing,2,1,1090.58,37.02,200,50.0
PROD0114,Books,2,1,996.69,28.34,200,50.0
PROD0216,Toys,2,1,1019.34,21.0,200,50.0
PROD0115,Books,2,1,334.5,28.56,200,50.0
PROD0115,Clothing,2,1,1578.18,9.86,200,50.0
PROD0355,Electronics,4,2,1082.79,21.82,400,50.0
PROD0116,Clothing,2,1,995.59,23.53,200,50.0
PROD0120,Books,2,1,898.64,7.64,200,50.0
PROD0352,Clothing,2,1,460.66,26.58,200,50.0
PROD0121,Clothing,2,1,859.91,11.1,200,50.0
PROD0351,Clothing,4,2,894.54,31.43,400,50.0
PROD0106,Clothing,4,2,934.18,21.64,400,50.0
PROD0105,Toys,2,1,485.0,14.0,200,50.0
PROD0372,Clothing,4,2,1355.55,18.12,400,50.0
PROD0099,Electronics,2,1,1249.1,9.74,200,50.0
PROD0062,Home Appliances,2,1,1032.36,18.92,200,50.0
PROD0383,Electronics,2,1,714.46,27.5,200,50.0
PROD0383,Clothing,2,1,1497.16,25.44,200,50.0
PROD0097,Books,2,1,1571.96,26.65,200,50.0
PROD0381,Clothing,10,5,1009.13,28.12,1000,50.0
PROD0380,Toys,2,1,1115.79,31.33,200,50.0
PROD0097,Toys,2,1,1088.74,22.88,200,50.0
PROD0100,Electronics,2,1,306.79,34.08,200,50.0
PROD0372,Home Appliances,2,1,1009.22,28.32,200,50.0
PROD0378,Home Appliances,2,1,1060.9,26.7,200,50.0
PROD0376,Electronics,2,1,1052.22,20.02,200,50.0
PROD0102,Books,2,1,1604.82,12.4,200,50.0
PROD0375,Books,2,1,757.18,43.03,200,50.0
PROD0373,Toys,2,1,415.39,24.88,200,50.0
PROD0102,Electronics,2,1,1728.07,33.94,200,50.0
PROD0103,Clothing,6,3,1151.33,20.4,600,50.0
PROD0419,Electronics,4,2,820.28,17.27,400,50.0
PROD0425,Books,2,1,1045.61,23.3,200,50.0
PROD0060,Clothing,4,2,932.85,26.88,400,50.0
PROD0466,Home Appliances,2,1,1428.75,38.16,200,50.0
PROD0481,Clothing,2,1,718.64,24.73,200,50.0
PROD0480,Toys,2,1,1232.83,43.85,200,50.0
PROD0479,Clothing,6,3,1244.21,14.31,600,50.0
PROD0011,Electronics,2,1,644.16,40.26,200,50.0
PROD0013,Home Appliances,2,1,1004.78,18.52,200,50.0
PROD0475,Books,2,1,1551.92,19.3,200,50.0
PROD0474,Electronics,2,1,401.9,27.54,200,50.0
PROD0018,Home Appliances,2,1,429.77,31.83,200,50.0
PROD0019,Home Appliances,2,1,547.29,32.74,200,50.0
PROD0021,Home Appliances,2,1,1122.58,22.58,200,50.0
PROD0473,Books,2,1,1603.64,31.05,200,50.0
PROD0022,Clothing,2,1,1024.1,26.8,200,50.0
PROD0023,Electronics,2,1,665.4,14.61,200,50.0
PROD0469,Electronics,2,1,1391.53,10.92,200,50.0
PROD0024,Toys,4,2,935.95,38.44,400,50.0
PROD0025,Electronics,2,1,303.41,27.2,200,50.0
PROD0026,Electronics,2,1,501.31,31.02,200,50.0
PROD0010,Toys,2,1,1165.24,7.28,200,50.0
PROD0484,Books,6,3,999.27,24.41,600,50.0
PROD0010,Home Appliances,2,1,1219.11,30.16,200,50.0
PROD0005,Books,2,1,653.97,18.26,200,50.0
PROD0500,Books,2,1,909.94,16.93,200,50.0
PROD0498,Home Appliances,2,1,665.1,41.48,200,50.0
PROD0498,Electronics,2,1,1122.94,35.26,200,50.0
PROD0002,Books,2,1,1319.65,5.81,200,50.0
PROD0003,Toys,2,1,929.25,23.3,200,50.0
PROD0004,Books,4,2,1049.71,17.68,400,50.0
PROD0004,Electronics,2,1,1179.06,29.6,200,50.0
PROD0005,Home Appliances,2,1,1910.24,7.92,200,50.0
PROD0010,Electronics,4,2,911.29,33.94,400,50.0
PROD0006,Clothing,2,1,753.62,20.82,200,50.0
PROD0006,Toys,2,1,1348.75,22.0,200,50.0
PROD0492,Electronics,2,1,1670.4,38.49,200,50.0
PROD0008,Electronics,2,1,336.22,38.29,200,50.0
PROD0490,Books,4,2,940.35,33.59,400,50.0
PROD0489,Toys,2,1,1674.62,25.74,200,50.0
PROD0008,Toys,4,2,695.82,42.84,400,50.0
PROD0027,Clothing,2,1,879.2,38.8,200,50.0
PROD0463,Toys,2,1,776.49,32.48,200,50.0
PROD0424,Clothing,2,1,1285.44,28.94,200,50.0
PROD0463,Home Appliances,2,1,1459.01,45.08,200,50.0
PROD0441,Toys,4,2,1451.55,32.89,400,50.0
PROD0050,Toys,2,1,769.52,16.38,200,50.0
PROD0440,Clothing,2,1,1000.19,22.96,200,50.0
PROD0051,Home Appliances,2,1,1107.79,44.06,200,50.0
PROD0438,Books,2,1,1702.9,28.56,200,50.0
PROD0052,Electronics,2,1,1496.45,21.24,200,50.0
PROD0435,Home Appliances,2,1,1415.72,35.45,200,50.0
PROD0052,Toys,2,1,970.1,37.68,200,50.0
PROD0054,Clothing,2,1,969.76,33.94,200,50.0
PROD0055,Toys,2,1,534.31,33.85,200,50.0
PROD0428,Electronics,2,1,1064.38,31.12,200,50.0
PROD0056,Clothing,2,1,975.47,12.84,200,50.0
PROD0427,Toys,2,1,774.12,45.82,200,50.0
PROD0426,Toys,2,1,562.8,28.72,200,50.0
PROD0426,Clothing,4,2,1532.32,26.76,400,50.0
PROD0425,Clothing,2,1,980.71,15.7,200,50.0
PROD0350,Books,2,1,872.71,13.72,200,50.0
PROD0050,Books,2,1,468.16,28.58,200,50.0
PROD0047,Clothing,4,2,531.1,26.5,400,50.0
PROD0444,Home Appliances,2,1,407.34,18.6,200,50.0
PROD0038,Clothing,2,1,279.3,43.58,200,50.0
PROD0031,Electronics,2,1,932.51,38.93,200,50.0
PROD0032,Clothing,6,3,981.99,31.84,600,50.0
PROD0033,Toys,2,1,1603.81,34.78,200,50.0
PROD0461,Clothing,6,3,1042.45,19.46,600,50.0
PROD0034,Clothing,2,1,1875.31,30.52,200,50.0
PROD0459,Clothing,2,1,994.87,21.44,200,50.0
PROD0036,Clothing,2,1,890.63,23.78,200,50.0
PROD0456,Electronics,2,1,1175.02,42.67,200,50.0
PROD0445,Clothing,2,1,1526.69,28.79,200,50.0
PROD0454,Electronics,2,1,677.76,16.98,200,50.0
PROD0453,Toys,2,1,1514.96,29.84,200,50.0
PROD0452,Electronics,2,1,1328.04,34.69,200,50.0
PROD0452,Books,2,1,1591.51,22.6,200,50.0
PROD0449,Toys,2,1,1486.38,24.61,200,50.0
PROD0449,Clothing,4,2,498.25,24.21,400,50.0
PROD0041,Toys,2,1,1042.93,29.06,200,50.0
PROD0121,Electronics,2,1,963.82,19.2,200,50.0
PROD0234,Toys,2,1,1397.46,43.67,200,50.0
PROD0182,Books,2,1,1755.45,22.34,200,50.0
PROD0261,Home Appliances,2,1,455.72,19.62,200,50.0
PROD0231,Electronics,2,1,715.94,30.07,200,50.0
PROD0274,Clothing,2,1,333.49,34.0,200,50.0
PROD0273,Electronics,2,1,1417.37,8.74,200,50.0
PROD0272,Electronics,4,2,831.26,30.98,400,50.0
PROD0182,Toys,2,1,747.94,45.34,200,50.0
PROD0183,Clothing,4,2,1443.56,33.62,400,50.0
PROD0269,Electronics,2,1,1263.55,13.34,200,50.0
PROD0268,Electronics,2,1,673.98,34.53,200,50.0
PROD0234,Clothing,4,2,829.97,25.15,400,50.0
PROD0184,Toys,4,2,1399.5,22.22,400,50.0
PROD0208,Clothing,4,2,1324.93,30.61,400,50.0
PROD0266,Home Appliances,2,1,1552.17,39.94,200,50.0
PROD0266,Electronics,2,1,1198.88,20.55,200,50.0
PROD0236,Clothing,2,1,1087.14,31.11,200,50.0
PROD0266,Books,2,1,1652.62,12.03,200,50.0
PROD0182,Electronics,2,1,1634.44,32.69,200,50.0
PROD0123,Home Appliances,2,1,1339.17,28.32,200,50.0
PROD0181,Electronics,4,2,838.68,17.08,400,50.0
PROD0176,Clothing,6,3,627.5,11.85,600,50.0
PROD0291,Toys,2,1,1506.04,25.89,200,50.0
PROD0290,Clothing,4,2,929.5,24.96,400,50.0
PROD0286,Toys,4,2,739.41,20.6,400,50.0
PROD0175,Clothing,2,1,1060.92,6.13,200,50.0
PROD0175,Toys,2,1,1156.49,22.68,200,50.0
PROD0210,Electronics,2,1,1568.34,24.42,200,50.0
PROD0177,Clothing,4,2,1213.76,27.27,400,50.0
PROD0278,Clothing,4,2,1068.56,23.9,400,50.0
PROD0281,Home Appliances,2,1,492.91,25.17,200,50.0
PROD0281,Electronics,2,1,1794.18,42.33,200,50.0
PROD0210,Clothing,2,1,925.76,28.12,200,50.0
PROD0180,Electronics,4,2,1101.28,34.06,400,50.0
PROD0181,Clothing,2,1,806.68,15.16,200,50.0
PROD0208,Toys,2,1,685.45,34.98,200,50.0
PROD0185,Electronics,4,2,903.0,32.72,400,50.0
PROD0185,Home Appliances,4,2,689.76,18.86,400,50.0
PROD0170,Electronics,2,1,1442.0,24.72,200,50.0
PROD0260,Electronics,6,3,1178.39,25.61,600,50.0
PROD0239,Clothing,4,2,1127.2,30.32,400,50.0
PROD0249,Clothing,4,2,888.5,18.13,400,50.0
PROD0248,Toys,2,1,823.98,27.4,200,50.0
PROD0248,Home Appliances,2,1,1289.8,6.88,200,50.0
PROD0248,Electronics,2,1,774.7,13.66,200,50.0
PROD0204,Electronics,2,1,850.99,18.57,200,50.0
PROD0201,Books,4,2,1257.54,18.33,400,50.0
PROD0246,Books,4,2,1399.06,20.68,400,50.0
PROD0244,Toys,4,2,1245.15,26.58,400,50.0
PROD0203,Books,2,1,880.24,34.75,200,50.0
PROD0241,Clothing,2,1,823.51,23.88,200,50.0
PROD0201,Electronics,2,1,1198.53,29.91,200,50.0
PROD0202,Clothing,6,3,778.14,21.4,600,50.0
PROD0202,Electronics,2,1,1850.1,37.02,200,50.0
PROD0243,Clothing,2,1,1033.94,16.34,200,50.0
PROD0252,Books,2,1,1921.95,17.9,200,50.0
PROD0252,Electronics,2,1,1319.2,14.33,200,50.0
PROD0200,Books,2,1,1170.24,28.02,200,50.0
PROD0208,Books,2,1,1292.1,1.38,200,50.0
PROD0260,Books,2,1,1177.52,18.45,200,50.0
PROD0186,Clothing,4,2,801.08,22.5,400,50.0
PROD0191,Electronics,2,1,1117.53,2.58,200,50.0
PROD0258,Clothing,2,1,1297.28,14.3,200,50.0
PROD0191,Toys,2,1,1539.0,29.53,200,50.0
PROD0236,Electronics,2,1,1055.23,30.06,200,50.0
PROD0195,Clothing,2,1,1211.13,36.0,200,50.0
PROD0254,Books,2,1,714.42,25.33,200,50.0
PROD0206,Books,2,1,1522.1,19.73,200,50.0
PROD0197,Toys,2,1,1616.1,6.14,200,50.0
PROD0198,Clothing,2,1,1556.51,24.58,200,50.0
PROD0205,Toys,2,1,1451.34,24.49,200,50.0
PROD0198,Toys,2,1,1036.82,37.24,200,50.0
PROD0254,Clothing,2,1,570.41,15.08,200,50.0
PROD0294,Electronics,2,1,1313.2,17.16,200,50.0
PROD0173,Clothing,6,3,1147.92,24.78,600,50.0
PROD0166,Home Appliances,2,1,1220.62,19.82,200,50.0
PROD0335,Clothing,6,3,777.42,13.34,600,50.0
PROD0332,Electronics,2,1,1608.98,38.5,200,50.0
PROD0133,Home Appliances,2,1,992.68,27.56,200,50.0
PROD0330,Home Appliances,2,1,1430.24,19.13,200,50.0
PROD0134,Books,2,1,1492.04,22.5,200,50.0
PROD0328,Clothing,2,1,607.7,33.69,200,50.0
PROD0327,Electronics,2,1,1519.12,15.46,200,50.0
PROD0326,Toys,2,1,735.0,21.85,200,50.0
PROD0134,Clothing,2,1,1270.34,35.02,200,50.0
PROD0326,Clothing,4,2,1217.44,23.78,400,50.0
PROD0137,Clothing,2,1,668.64,25.09,200,50.0
PROD0138,Home Appliances,4,2,1269.26,17.36,400,50.0
PROD0141,Books,2,1,156.02,25.53,200,50.0
PROD0213,Toys,2,1,1874.56,16.91,200,50.0
PROD0319,Toys,2,1,950.14,25.52,200,50.0
PROD0318,Toys,4,2,1260.64,20.49,400,50.0
PROD0219,Clothing,2,1,953.32,20.47,200,50.0
PROD0130,Clothing,2,1,596.76,20.06,200,50.0
PROD0318,Home Appliances,2,1,1147.9,47.28,200,50.0
PROD0129,Clothing,2,1,1119.33,30.95,200,50.0
PROD0217,Clothing,2,1,789.8,9.93,200,50.0
PROD0344,Electronics,2,1,1102.75,4.43,200,50.0
PROD0125,Electronics,2,1,1497.7,17.69,200,50.0
PROD0214,Books,2,1,788.92,14.05,200,50.0
PROD0125,Toys,2,1,1461.14,12.34,200,50.0
PROD0126,Electronics,2,1,1740.04,28.72,200,50.0
PROD0126,Home Appliances,2,1,1287.68,23.62,200,50.0
PROD0127,Electronics,2,1,800.82,16.01,200,50.0
PROD0338,Toys,2,1,1112.82,31.61,200,50.0
PROD0128,Electronics,2,1,1261.88,25.02,200,50.0
PROD0218,Books,4,2,746.75,26.26,400,50.0
PROD0338,Books,2,1,497.01,16.64,200,50.0
PROD0337,Clothing,2,1,687.14,31.66,200,50.0
PROD0128,Home Appliances,4,2,813.95,11.55,400,50.0
PROD0218,Electronics,2,1,257.0,22.91,200,50.0
PROD0295,Electronics,4,2,1130.2,19.58,400,50.0
PROD0242,Electronics,2,1,943.32,15.64,200,50.0
PROD0165,Clothing,4,2,922.16,13.95,400,50.0
PROD0224,Clothing,2,1,1149.47,27.4,200,50.0
PROD0226,Clothing,2,1,694.86,34.17,200,50.0
PROD0302,Electronics,2,1,1018.66,16.21,200,50.0
PROD0305,Clothing,2,1,1007.35,23.92,200,50.0
PROD0306,Books,2,1,1574.96,37.08,200,50.0
PROD0316,Clothing,6,3,1048.14,32.01,600,50.0
PROD0306,Clothing,4,2,1562.42,33.06,400,50.0
PROD0156,Toys,2,1,1130.77,22.18,200,50.0
PROD0298,Clothing,2,1,763.51,29.22,200,50.0
PROD0210,Home Appliances,2,1,1596.44,29.24,200,50.0
PROD0156,Clothing,4,2,1174.68,39.28,400,50.0
PROD0155,Clothing,2,1,1214.03,28.67,200,50.0
PROD0301,Clothing,2,1,415.62,16.33,200,50.0
PROD0302,Clothing,6,3,981.44,18.3,600,50.0
PROD0223,Home Appliances,2,1,1305.24,23.58,200,50.0
PROD0161,Books,2,1,672.1,19.47,200,50.0
PROD0148,Clothing,2,1,1444.09,16.9,200,50.0
PROD0312,Books,2,1,1535.42,29.83,200,50.0
PROD0314,Books,2,1,603.86,19.15,200,50.0
PROD0164,Clothing,2,1,404.42,28.16,200,50.0
PROD0222,Toys,2,1,1526.26,17.03,200,50.0
PROD0314,Electronics,4,2,1009.02,15.42,400,50.0
PROD0227,Books,2,1,1029.69,5.45,200,50.0
PROD0148,Books,2,1,836.16,22.42,200,50.0
PROD0273,Clothing,9,4,1069.29,23.63,800,44.4
PROD0300,Clothing,7,3,1138.18,18.68,600,42.9
PROD0147,Electronics,7,3,1170.63,26.92,600,42.9
PROD0362,Clothing,7,3,973.37,22.9,600,42.9
PROD0457,Electronics,7,3,1545.46,27.63,600,42.9
PROD0150,Toys,7,3,882.01,24.57,600,42.9
PROD0377,Clothing,7,3,965.04,29.59,600,42.9
PROD0285,Clothing,7,3,1292.05,22.37,600,42.9
PROD0227,Clothing,5,2,1149.8,27.51,400,40.0
PROD0488,Clothing,5,2,1145.75,22.57,400,40.0
PROD0242,Clothing,5,2,988.31,15.48,400,40.0
PROD0230,Electronics,5,2,942.14,24.77,400,40.0
PROD0007,Clothing,5,2,1224.33,23.7,400,40.0
PROD0221,Clothing,5,2,1181.63,32.17,400,40.0
PROD0213,Electronics,5,2,1337.45,37.64,400,40.0
PROD0221,Electronics,5,2,1367.6,18.96,400,40.0
PROD0001,Electronics,5,2,1156.09,20.58,400,40.0
PROD0015,Clothing,5,2,869.18,24.62,400,40.0
PROD0122,Clothing,5,2,940.2,20.78,400,40.0
PROD0028,Electronics,5,2,1158.32,18.99,400,40.0
PROD0288,Clothing,5,2,1474.8,24.2,400,40.0
PROD0402,Clothing,5,2,1152.73,19.93,400,40.0
PROD0159,Clothing,5,2,1269.0,17.73,400,40.0
PROD0158,Clothing,5,2,1200.07,11.83,400,40.0
PROD0395,Toys,5,2,1205.39,17.55,400,40.0
PROD0390,Clothing,5,2,1175.63,22.65,400,40.0
PROD0309,Clothing,5,2,717.83,31.88,400,40.0
PROD0314,Clothing,5,2,715.39,23.19,400,40.0
PROD0144,Clothing,5,2,1164.8,12.33,400,40.0
PROD0135,Clothing,5,2,983.43,16.36,400,40.0
PROD0366,Electronics,5,2,1327.79,31.22,400,40.0
PROD0132,Clothing,5,2,790.07,33.03,400,40.0
PROD0112,Electronics,5,2,815.52,28.39,400,40.0
PROD0114,Clothing,5,2,1737.24,24.62,400,40.0
PROD0353,Clothing,5,2,1112.28,38.22,400,40.0
PROD0124,Electronics,5,2,1107.07,19.14,400,40.0
PROD0166,Clothing,5,2,1192.83,27.86,400,40.0
PROD0286,Clothing,5,2,1134.76,15.22,400,40.0
PROD0029,Clothing,5,2,750.22,25.08,400,40.0
PROD0415,Electronics,5,2,1557.97,23.96,400,40.0
PROD0463,Clothing,5,2,954.62,23.54,400,40.0
PROD0251,Clothing,5,2,1009.28,22.32,400,40.0
PROD0453,Clothing,5,2,982.78,16.68,400,40.0
PROD0451,Electronics,5,2,1350.64,27.69,400,40.0
PROD0041,Electronics,5,2,1356.13,24.01,400,40.0
PROD0194,Clothing,5,2,1218.1,19.74,400,40.0
PROD0266,Clothing,5,2,1108.02,42.75,400,40.0
PROD0052,Clothing,5,2,1030.87,38.43,400,40.0
PROD0434,Electronics,5,2,975.82,17.17,400,40.0
PROD0434,Clothing,5,2,909.79,34.24,400,40.0
PROD0053,Clothing,5,2,490.45,17.04,400,40.0
PROD0425,Toys,5,2,1254.28,19.79,400,40.0
PROD0423,Electronics,5,2,845.98,15.36,400,40.0
PROD0062,Books,5,2,1118.88,26.98,400,40.0
PROD0281,Clothing,5,2,1305.38,31.48,400,40.0
PROD0356,Toys,5,2,865.9,34.0,400,40.0
